{"cameraMode":{"drawMode":0,"name":"Shaded","section":"Shading Mode"},"sceneLighting":true,"audioPlay":false,"sceneViewState":{"showFog":true,"showMaterialUpdate":true,"showSkybox":true,"showFlares":true,"showImageEffects":true,"showParticleSystems":true},"in2DMode":false,"pivot":{"x":-1.818617582321167,"y":-0.19377565383911134,"z":-9.673978805541993},"rotation":{"x":-0.0024253572337329389,"y":0.9972266554832459,"z":-0.037722259759902957,"w":-0.06411124020814896},"size":11.6546049118042,"orthographic":false}