{"cameraMode":{"drawMode":0,"name":"Shaded","section":"Shading Mode"},"sceneLighting":true,"audioPlay":false,"sceneViewState":{"showFog":true,"showMaterialUpdate":true,"showSkybox":true,"showFlares":true,"showImageEffects":true,"showParticleSystems":true},"in2DMode":false,"pivot":{"x":0.5193486213684082,"y":-0.5705242156982422,"z":-1.3090629577636719},"rotation":{"x":-0.057257652282714847,"y":0.9343551993370056,"z":-0.30477872490882876,"w":-0.1755332201719284},"size":16.61003875732422,"orthographic":false}